no,teks,sosmed,lebels;
"88,""Bukan susah diajak kerja syarat nya bikin bnyk orang susah terutama harus refrensi dan Bates umur jga nyusahin, Belom lagi harus berpendidikan tinggi.....di jakarta susah dapet kerjaan yg pendidikan rendah dan berumur lebih dari 40.<br>Jgn pada lu kira tenaga kerja harus glowing pendidikan tinggi dan umur muda doang. Karena kita Kbrnyakan orang susah umur 40 lebih aj masih semangat2 buat kerja cari nafkah diterima perusahaan bersyukur dapat penghasilan berkah Alhamdulillah buat keluarga"",youtube,Positif";
"89,""Gen Z generasi yg cerdas, jgn mau diakali owner perusahaan yg gaji bawah UMR tapi menuntut kerja maksimal. Gen Z lbh kritis dan celrdas"",youtube,Positit";
90,Setuju dok...saya punya beberapa bawahan Gen Z hampir semua karakter nya sulit untuk di ajak kerjasama sampai-sampai saya harus sering menghela nafas sendiri karena menghadapi karakter merekaüò¢,youtube,Negatif;
"91,""Jangan sampe terdoktrinisasi dengan kata2 Gen Z tidak bisa diajak kerja guys, aku Gen Z yang tergolong skill expert dibidangku, aku sudah terdidik untuk bekerja dari kecil dari orang tuaku, berkali kali menemui tempat pekerjaan yang toxic, yang seringkali kutemui adalah menemui boss kapitalis yang mengikatku untuk bekerja disitu terus dengan tipu daya dan manipulasinya serta ancaman2 inplisit sehingga mengurungkanku untuk keluar dari pekerjaan itu. Ketika pada akhirnya aku bisa lepas dari pekerjaan itu, malah aku dicap sebagai Gen Z yang gitula inilahhh. Ungkapan2 itu menurutku ga bisa buat kalian berkembang."",youtube,Positif";
"92,""Bukan sulit di ajak kerja,tapi susah cari kerjaannya botaaak."",youtube,Negatif";
"93,""Alhamdulillah gua tumbuh dengan peduli terhadap psikologi dan skeptis dengan kebiasaan masyarakat, thanks allah, semoga anak gw tumbuh maksimal"",youtube,Positif";
"94,""Banyak kok anak muda di generasi gw yang berjuang untuk instansi dmn mereka berada tapi sering kali terbentur dengan tembok kebijakan yang tidak pro dengan inisiatif anak muda ini, akhirnya mereka berubah jadi apatis, termasuk gw."",youtube,Negatif";
"95,""Menurutku kebanyakan orang menormalisasi gen Z bisa segalanya,. Sehingga segala pekerjaan yg ada sebisa mungkin dikerjakan oleh gen Z, padahal gen Z juga punya rasa lelah"",youtube,Positif";
"96,""Gen Z itu mental Stroberi ditegur dikit, merajuk, buat status saling sindir, sok merasa paling kuat, dan sok paling mandiri. <br><br>Wajar kalau kita salah ditegur, Y kita terima aja Karen kita emang salah. Terima aja,  Nangis y nangis. Dari situ lah kita belajar untuk menjadi dewasa."",youtube,Negatif";
"97,""setuju dengan statement lingkungan menuntut untuk mementingkan diri sendiri. Saya tumbuh dengan parenting yg mementingkan soal Empati tapi saat di aplikasikan di bbrapa tempat kerja pekerjaan malah tdk di apresiasi dan di manfaatkan entah karena sistem atau memang lingkungan yang sudah fokus pekerjaan just for money. Akhirnya sekarang kerja fokus demi uang, inisiatif seperlunya dan sesuai kontrak dan diluar pekerjaan baru saya kerja lebih keras dan meningkatkan kompetensi supaya kompetensi dinilai dan di hargai bukan &quot"",youtube,Negatif";
"98,""Gen Z maunya kerja sendiri, gamau ditekan makanya banyak yang jadi pengusaha, freelance, WFH dll, keliatan nganggur karena emang gak ada datanya di pemerintah kalo gen Z kerja"",youtube,Negatif";
"99,""anakku adalah Gen Z..sejak kecil dia sudah bercita cita ingin menjadi pilot, sangat2 tidak mudah. Dia belajar dgn serius dan tekun hingga  bisa study Aviation di Swinburne Uni, Melbourne. Di Usia 21 thn dia sudah memulai karir sbg pilot !!!.  I am so proud of my son !!!"",youtube,Positif";
"100,""Banyak sekali gen z gen z di pelosok pelosok yang bahkan bertolak belakang dengan yang dibicarakan disini<br>Karena gak terpengaruh sosmed, mereka lebih tangguh secara mental"",youtube,Positif";
"101,""Problem Gen Z yg cenderung malas dalam berkerja itu karna mereka tumbuh di era Internet dan social media,<br>Jadi mereka sering membanding2kan pekerjaan mereka dengan orang lain<br>Sehingga seringkali mereka pindah kerja karna gaji tanpa mementingkan Skill mereka sendiri, Alhasil saat mereka resign Malah setelahnya mereka sulit mendapatkan kerjaan yg lebih baik dari kerjaan mereka sebelumnya dan berakhir menganggur"",youtube,Negatif";
102,Berarti anakku mahal banget ditanya cita-citanya katanya mau kaya umik üò¢<br><br>Yang ada selalu di rumah ngurus mereka masak dll. Yaa Allah alhamdulillah masih bisa di rumah bersama anak-anak,youtube,Positif;
"103,""gen z sulit diajak kerja, dan bos&quot"",youtube,Negatif";
104,Gen z emnk pinter pinter. Cuman kurang mental,youtube,Negatif;
105,Semangat gen Z,youtube,Positif;
"106,""Gen z terlalu self-centered, ego tinggi, karna alhasil parenting yg gk disiplin,m, kebiasaan di permudah jd agak manja dan merasa diri bener  mulu, beda dgn ank 80-90s yg selalu dikit2 kena marah atau kena pukul ortu dan guru alhasil lbh low self esteem dan disiplin tinggi."",youtube,Negatif";
107,fakta nya di tempat aku kerja ada generasi z yang g bisa di ajak kerja team. gk bisa di bilangin dan suka ngadu hal kerjaan di orang tua nya,youtube,Negatif;
108,Sya ada karyawan gen Z. Mrka gak masalah sih,youtube,Positif;
"109,""Gen Z (ZONK), cape kerja sama ini gen, harus di bilangin trus2an, contoh ni ye, gwe bilang klo habis kerja di beresin alat2nya di bersihkan, di lakuin tun, tapi besokanya gak di lakuin, harus di bilangin lagi, masa trus2an harus ngomng, dan rata2 kya gitu, üòÇüòÇ, emang gen Zonk"",youtube,Negatif";
"110,""real, d tempat gw gen z tu males. gak ada tanggung jawab ama pekerjaan dan terkesan bodo amat."",youtube,Negatif";
"111,""Bkn hanya gen z org2 yang hidup dimasa skr ini minim empati,, hidup dgn tujuan aku harus kaya kaya kaya kaya, se bodo teing itu kayak mati ga butuh org buat kafanin kita gt.. pls la adek2 tingkatin rasa empati dan peduli kita"",youtube,Negatif";
"112,""Gengsinya terlalu tinggi, ekspetasi sehari kerja itu bisa kaya raya yang dipikir, pemalas, pembangkang,egoisnya tinggi, kurang ulet"",youtube,Negatif";
113,Asli emg parah‚Ä¶ baru masuk kerja 1 hari  besok dah minta libur.. ehh malah lanjut request minggu depan masuk kerja‚Ä¶ cuman bisa geleng2 aja lh liat gen z‚Ä¶,youtube,Negatif;
"114,""gen Z terlalu membuang waktu mereka dengan bermain, skill kurang"",youtube,Negatif";
"115,""Gen Z ini Gen Z itu.<br><br>Kenapa sih boomer selalu menyalahkan generasi bawahnya?<br>Statistiknya jelas, kehidupan di jaman sekarang JAUH lebih tidak prospek dibandingkan ketika boomer masih muda. Rumah Mahal, Bahan Pokok Mahal, Kendaraan Mahal, Produk&quot"",youtube,Negatif";
116,Betulll sekali menghadapi karyawan zaman sekarang. Anak sekarang  memang hrs banyak dengar dan komunikasi dgn yg lain <br>Betul saya tinggal di swiss pun samaaa masalahnya üòÇüò¢,youtube,Positif;
"117,""Kenapa jadi jelek2in gen-z?? Gak semua gen-z stereotipenya kyk gitu, banyak juga yg rajin kerja dan cerdas.. sama kyk boomers, gak semuanya gaptek, byk juga boomers yg jago teknologi.. saya benci klo ada yg bikin stereotipe golongan begini!"",youtube,Positif";
"118,""Sebenarnya bukan karena mental lembek, tapi karena dunia kerja sekarang jg ngga logis, partner kerja saling menjatuhkan padahal kalo dia menang jg ngga dpt previlege apa apa, bos yg kurang kompeten itu jg bikin muak, kerja kadang sistem nya gotong royong ngga ada itungan jelas nya"",youtube,Negatif";
"119,""Gua juga punya admin kasir, tiap hari gua omelin kerja gak bener, ngeluh mulu kerjanya."",youtube,Negatif";
"120,""dari judulnya saja sudah tampak kalo anda sangat kapitalis, gen z itu jendela dunianya luas tidak terbatas buku, kerja berstandar Swiss, bukan standar kerja ngawur indonesia, gen z itu juga bentukan manusia yang percaya tuhan &quot"",youtube,Positif";
"121,""Mnurutku kok ngga cuma di gen Z aja ya... Fenomena kayak begini ini sih udah kejadian dari tahun aku lahir (80), bahkan mungkin dari sebelum aku lahir.. Masalahnya tuh di komunikasi terbuka &amp"",youtube,Negatif";
"122,""Gw banget, gw bilang ke anak gw setelah selesai kuliah lo harus cari duit, kerja sama orang lain, biar lo belajar hidup susahnya cari duit, susahnya mau hidup enak, dan gw kasih beban juga kalo dia harus membantu biaya adik2nya sekolah. Untungnya dia jadi gadis yang tangguh namun tetap jadi anak mama yang penuh dengan kegembiraan. I love you my dear girl‚ù§"",youtube,Positif";
123,gak juga kalau seleksinya genz tepat<br>mareka jauh lebih kritis yg jelas jadi as company ya harus be ready kalau kmkn mereka gak lebih dari 2 thn kerja di company üòÇ,youtube,Positif;
124,gen z emang dongok,youtube,Negatif;
"125,""Jare sopo susah pak? Lah wong gen z sek akeh seng nganggur golek kerjo nglamar nang ndi¬≤ gak onok seng nerimo, senajan oleh panggilan via telfon tok loh wes seneng nemen pak meskipun gak di panggil kerjo e"",youtube,Positif";
"126,""di tempat saya kerja..gen z itu terlalu banyak tuntutan,kerja belum ada 2 thn udah maunya ini itu..,ada kerjaan lebih dikit,banyak ngeluh..huuftt.."",youtube,Negatif";
127,gen z adalah hasil gagalnya didikan kurikulum lama dan hasil hanya dinilai dari nilai ujian nasional. gak mampu mereka beradaptasi di masyarakat,youtube,Negatif;
128,Benerrr bgt... genz z minus adab sorry to say.. lewat aja ga ada basa basiüòÖüòÖüòÖ pngen marah tp inilah gen z.. kalo kalian gen z baca ini jngn gtu yaa.. adab sopan santun itu penting walaupun kalian pintar jd minus krna adab nolüò¢,youtube,Negatif;
129,Hai psikolog di sini. Ijin menambahkan ya Pak Helmy. Terima kasih banyak untuk podcastnya!<br><br>Tetapi perlu diingat bahwa penjelasan yang disampaikan oleh dr Elvine hanya didasari pada Gen Z yang memiliki latar belakang sosial ekonomi keatas.<br><br>Perbedaan struktur sosial ekonomi tentunya perlu kajian lebih lanjut dan dibahas pada sesi lainnya ya teman teman. Sehingga tidak bisa semua saran digeneralisasikan.<br><br>Banyak rekan rekan Gen Z juga yang tangguh kok. Bisa dikonsultasikan lebih lanjut ya ke praktisi praktisi.<br><br>Selamat berjuang teman teman semua!,youtube,Positif;
130,Memang Betul.. perlu dianalisa untuk kelas ekonomi ke bawah... tapi saya sbg pemilik usaha UMKM.. dan sering menerima karyawan Gen Z... dari kalangan ekonomi bawah... dan jujurnya tidak mudah mencari karyawan yang bisa bekerja padahal mereka dari kalangan ekonomi susah... tapi sayangnya mereka punya mindset pengennya gaya hidup mewah seperti yg mereka lihat di sosial media. akhirnya karyawan kelas bawah ini ujung2nya suka mencuri dan suka minjam duit dgn karyawan lain. kemudian kerja malas2an dan tidak sampai 1 tahun akhirnya berhenti kerja... karena gaji2nya katanya gak cukup....,youtube,Negatif;
"131,""setuju anak gen z ekonomi sulit gaya elit bnyk cth di masyrakat sy, apalgi kerja ingin gaji gede dan suka pindah2, inginnya santai,pas kerja free wifi gratisan main gameüò¢‚Äã@@SpektrumAltEnergy"",youtube,Negatif";
132,Betul di tempat kerja main game.. kerja nya cuma satu jam..,youtube,Negatif;
"133,""gen Z adalah generasi yang sangat cerdas dengan mental yang lemah. <br>Seperti porselin yang indah namun goyang sedikit pecah dan retak. <br>Mgkn krn pola pengasuhan yang hrs lemah lembut menyebabkan mereka jadi lemah. <br>Padahal sayang srksli, gen Z ini cerdas cerdas"",youtube,Positif";
134,Gen z minim attitude dan empati !,youtube,Negatif;
"135,""Materinya bagus, realistis, dan ya aktual, tapi.... Gen Z yg terlahir di kondisi yang kurang baik, mungkin dengan kndisi ekonomi kurang, generasi kelahiran adalah Gen Z, tp secara mental, mereka dipaksa menjadi gen baby boomer yang harus gila dan mau untuk kerja, paling tidak utk memenuhi isi perut. Talkshow ini pas utk yg keluarga dgn ekomomi baik."",youtube,Positif";
"136,""Satu hal yg paling saya nga suka dari gen z, kurangnya ATTITUDE."",youtube,Negatif";
137,Biasanya gen z hobinya  ML sehabis pulang sekolah dan rata-rata pemalas maunya instan simsalabim langsung ada,youtube,Negatif;
"138,""Kesimpulannya:<br>Bagaimana anak kita menunjukkan bagaimana kita sbg orang tua mendidik/memperlakukannya. <br>Anak terlahir ke dunia ibarat kertas putih yg bersih. Akan menjadi apa anak itu kelak, tergantung bagaimana orang tua mewarnainya. <br>Jadi jangan salahkan gen Z kalau mereka banyak kekurangan mnrt generasi sebelumnya."",youtube,Positif";
"139,""Nonton ini saya jadi makin sadar akan kesempurnaan agama islam dan pentingnya memahamkan dan menerapkan islam sejak dini,dari masalah2 yang disebutkan dan dipaparkan di podcast ini saya rasa seandainya orang tua dan anak paham akan agama islam dengan baik serta mau mengamalkan islam dengan baik masalah2 itu bisa tidak terjadi atau minimal terminimalisir."",youtube,Positif";
"140,""Bukannya millenial ga mau ngajarin genZ tapi setelah diajarin dan sdh bisa malah songongnya minta ampun.. Papasan kalo ga disapa ga mau nyapa, suka bohong, attitudenya rendah banget.. Walo ga semua"",youtube,Negatif";
141,Gen Z pinter bgt dlm konten kreator Lo  ini g bisa dipungkiri tapi jadi individualis emang ya karena sejak TK sudah pegang gadget mainnya game melulu,youtube,Negatif;
142,Yang mengeluh memimpin Gen Z adlh mereka yg tdk mampu memimpin,youtube,Positif;
143,Gen Z tdk beda dgn generasi lain. Ada yg baik dan ada yg tdk baik. Sy tdk percaya ungkapan2 negatif ttg Gen Z. Jgn memandang dgn sebelah mata.,youtube,Positif;
"144,""anak sekarang memang tidak diajari budi pekerti , tidak tau  bagaimana harus menghormati orang yang lebih tua. melakukan sesuatu kalau ada kepentingan saja.kegotong royonganan seperti orang jaman dulu kurang"",youtube,Negatif";
"145,""Yg katanya tidak punya empathy itu bukan gen z kok, gen Z ada otaknya dan punya logika. Yg gue liat itu malahan banyak orang orang berpakaian agamis tapi otak dan simpatinya nggak dipakai."",youtube,Positif";
146,Halah gininih klo gen z pada tutup mata seolah olah gen yg sempurna pdhl bnyk minusnya ü§≠ü§≠,youtube,Negatif;
"147,""Yang di bahas ibu ini sama persis plek apanyang saya pikirkan... Senior melihat gen Z begitu kelakuannya jadi males bimbing jadinya soalnya gak sopan gak peka dlm kerjaan kita bantu tapi mrk jarang bantu balik , selalu beralasan udah gitu Mandang yang lebih tua seumuran jadi gak ada unggah unguh sama sekali"",youtube,Negatif";
"148,""Gen z kerja buat ngisi waktu luang, beda sama generasi sebelumnya yang kerja karena emang butuh uang"",youtube,Negatif";
"149,""saya kerja dengan gen z, kerja kalau disuruh selebihnya bermain hp ae,"",youtube,Negatif";
"150,""saya sebagai GEN Z merasa kalau konten ini memukul rata semua Gen Z.<br><br>Jadi buruh bangunan, Jadi tukang cuci piring, kerja di pabrik yang ngga jarang menempa mental, asisten teknisi listrik, asisten teknisi ac, jadi kenek supir, jual dan beli barang, bahkan jadi tukang gali kubur pernah saya lakukan ( tidak ada maksud untuk sombong )<br><br>Jadi gak semua Gen Z susah di ajak kerja, bahkan saya juga sering lihat Gen Z yang jual suara mereka di pemberhentian jalan.<br><br>SEMUA PEKERJAAN MULIA selama HALAL DAN BAIK, Gak Semua Gen Z seperti itu."",youtube,Positif";
"151,""Gen z mana yang susah kerja? Sini ku gantiin aja pak/bu, saya sudah tahan banting dan terjamin"",youtube,Positif";
"152,""Apasih Gen z, dikit¬≤ Gen z, gua millenial juga susah dapat kerja bangsattt, <br>Kasian Gen Z cuma jadi jualan konten doang, padahal bnyk Gen Z yg bagus¬≤ loh"",youtube,Positif";
"153,""faktanya banyak gen Z yang menghasilkan uang dari kerja remote dengan orang luar salah satu nya situs upwork<br><br>atau membuat konten saluran YouTube, atau membuat produk digital seperti logo, atau hasil Foto atau jasa service di marketplace luar negeri seperti fiver, yang mendatangkan dolar ke indonesia <br><br>Salah satu yang saya kurang suka dari konten ini, memukul rata semua Gen Z."",youtube,Positif";
"154,""saya juga bekerja di perusahaan asing dan memang benar gen z lebih fasih bahasa inggris, ngga perlu kul di LN, dari konsumsi youtube sejak kecil saja ngmongnya sudah spt native speaker dan vocab nya luas. Tp terlepas dari tata krama mereka, kita sbg senior juga perlu memperbaiki diri kalau ada kekurangan. Misal kurang fasih di bhs asing mungkin perlu belajar kembali, ambil kursus atau spt itu."",youtube,Positif";
"155,""@@denyk142 ya memang betul, tidak menyalahkan ke satu pihak saja<br>Masing2 perlu evaluasi<br>Hanya di luar itu tatakrama jg penting dipelajari dan yg paling utama, ini jg tidak berlaku utk yg lebih muda, tp perlakuan yg lbh tua ke yg muda jg berlaku. In "",youtube,Positif";
"156,""Tata krama,adab,etika itu pondasi dasar tp sayang gen z jauh dr itu ,mati empathy nya dan merasa wow lupa siapa dirinya dan lupa berpijak"",youtube,Negatif";
"157,""Secara alamiah, manusia itu mungkin termasuk mahluk yg malas, tetapi dari kemalasannya itu terciptalah berbagai barang yg menunjang kemalasannya, a.l: kendaraan bermotor, kursi, tempat tidur, a.c, dll<br><br>Tempat2 kerja pd umumnya menjdkan seseorang itu menjd pemalas, a.l sebab <br><br>para MAJIKAN itu ingin selalu mendptkan keuntungan yg lbh banyak drpd sebelumnya<br><br>Sehingga ada istilah: &quot"",youtube,Negatif";
"158,""Gen Z : kerja lelet,manja,suka koar2,sok ngide,aksi nol besar üòÇ"",youtube,Negatif";
"159,""gen z kan juga semaunya sendiri akibat gak mau liat realita,akhirnya mereka menyiksa diri sendiri üòÇ"",youtube,Negatif";
160,gen Z itu kurang punya jati diri atau prisip jadi mudah dipengaruhi terutama oleh konten2 orang lain,youtube,Negatif;
161,gen Z dikit2 mental health hahaha,youtube,Negatif;
"162,""Padahal aku gen z tapi gak kaya gitu, gak seperti yg dikatakan di atas. Tapi apalah daya, rejeki kurang bagus, pengen kerja loyal aja susah banget dpt pekerjaan padahal kalo udh dapet kerjaan bakalan serius kerja, loyal dan mengikuti peraturan perusahaan. Tapi ya gitulah susah cari kerja"",youtube,Negatif";
163,Kalau ada gen z yg rajin kerja pasti gak di bilang gen z,youtube,Negatif;
164,Gen Z itu generasi yang susah dibina merasa konsep mereka aja paling benar.,youtube,Negatif;
"165,""Anak genz terutama lulusan baru, klo gk ada skill jgn diterima üòÇ<br>Adanya susah treatmentnya üòÇüòÇüòÇ<br><br>Saya masih mau nerima genz dgn syarat mereka udh pengalaman kerja minimal jd buruh pabrik<br>Krn mereka sdh pasti digembleng mentalnya disana"",youtube,Negatif";
166,Saya setuju 100%. Rasa tanggung jawab mereka tuh minim... Mereka itu niat kerja ato apaan. Tapi ya sudahlah.. easy time creates weak man.. ya merekalah yang kena getahnya<br><br>Siklus. - mungkin dari 100 persen gen z yang bagus cuman dibawah 50%... Good luck ya gen z.,youtube,Negatif;
"167,""bener banget,   Gen Z memang lebih cerdas tp etikanya kurang, motivasi bekerja kurang, dedikasinya kurang, semoga masih ada harapan generasi selanjutnya"",youtube,Negatif";
"168,""ada juga generasi X dan Y yang hanya mau duit! kerja jam 5 teng pulang! saya ngalamin sendiri koq, saat deadline laporan sakit, ntar-ntar mau kasbon dll , jadi jangan generalisasi. ada generesi Z anak buah saya saat ini yang luarbiasa kerjanya dan dedikasinya, kerja beres, selalu sopan! mungkin sulit menemukan kaya dia saat ini tapi saya yakin ada! itu karena mereka datang dari keluarga pejuang!"",youtube,Positif";
"169,""Anak jaman sekarang itu makin kritis dan brani berbicara, sehingga untuk orang tua yang dulu didikannya diem iya iya aja, ya kontras akan hal itu. Maka dari itu juga perusahaan dan pabrik2 engga siap akan hal ini. Akhirnya pendidikan di buat anak sebodoh mungkin agar jadi penurut tanpa pernah berfikir kritis. <br>Dan ironinya mereka men justifikasi gen Z sebagai generai beban, yang mana itu adalah rasis sekali."",youtube,Negatif";
"170,""Faktanya menemukan GenZ yg benar talent itu langka, kebanyakan harus dan wajib diberitahu step pekerjaan untuk goal, karena mereka kurang bisa berpikir fokus banyak ngegame dan medsos."",youtube,Negatif";
"171,""Ini asupan genz yg rajin, protein dan gizi baik, silsilah keluarga mapan, gak gini gak bisa gitu"",youtube,Positif";
"172,""saya gen z, kami kami cemas dengan masa depan kami, kami sering disalahkan karena mental kami lemah dalam etos berkerja,<br>karena kami hidup di era dimana masalah ekonomi lebih komplek, dibandingkan generasi terdahulu, kami hidup diaman jumlah lowongan pekerjaan lebih sedikit dari pada lapangan pekerjaan tesedia, mecari kerja menjadi kompetitif, terlebih lagi mata uang rupiah yang melemah terhadap dollar menjadikan invlasi di banyak sektor ekonomi, menjadikan rakyat tidak punya daya beli, jika kami memilih ber wira shwasta kondisi seperti ini beresiko tinggi, tolong pak indrawan berikan kami saran bikinkan vidio tetang gen z haeus bagamana mengahdapi ekononomi seperti ini"",youtube,Positif";
173,Ga semua GenZ mentalnya weak. Ada juga yg struggle dan profesional.,youtube,Positif;
"174,""Saya freshgrad, graphic designer, kalo ngerjain project yang sesuai dgn sy yaitu projek periklanan, sy bisa excited banget, ngerasa bangga bisa ngerjain itu sekecil apapun skalanya, tapi sayangnya loker di kota saya rata2 nuntut terlalu banyak jobdesc pdhl sy berniat fokus 1 ranah spy bisa ngasilin yg terbaik daripada saya loncat2 ranah tp niat setengah2"",youtube,Positif";
"175,""Saya tidak tahu gen saya kategori pada tahapan yang mana , saya kurang memahami realitas dalam ruang lingkup sosial sekitar , karena memahaminya tersebut butuh intelektual Pendidikan , untuk sekedar bicara meskipun malu saya sedikit segan dengan kosa kata karena kurangnya jejak pendidikan sebagai keterbatasan finansial ,"",youtube,Positif";
"176,""semua gen sama saja, kembali pada manusianya dan pengalaman apa yang mereka dapatkan untuk membentuk jatidirinya"",youtube,Positif";
"177,""Generasi paling ribet, elitis, banyak tuntutan ini itu pantes banyak yang nganggur (fakta)"",youtube,Negatif";
178,Skrg makin bnyk org pinter org liat youtube aj ilmu ap pun pasti dpt jdi gk usa sklh tinggi2 anak skrg uda pinter2 dan bnyk yg bercita2 pergi kluar negri kyk taiwan amerika dll dan gaji dsna jau di atas kita itu smua slh dri pemerinta indonesia yg goblok yg pikiranny korupsi melulu tiru tu cina walaupun komunis tpi pemerinta ny mndukung anak muda nya jdi pinter2 bs bikin mobil sndri dan perushaan sndri dan yg sukses di luar negeri sma pemerinta ny di tarik di cina dan digaji yg besar ole pemerinta ny beda indonesia pemerinta ny mikirin korupsi melulu. Apa indonesia jdi negara komunis aj biar sukses kyk cina. Dan kalo perlu koruptor hukum mati,youtube,Positif;
"179,""saya gen z dan saya setuju sekali dgn isi dari video ini, actually saat ini perusahaan saya sangat amat baik untuk gen z, secara apa yg disampaikan di video td di implementasikan di tempat saya bekerja. jujur bgt betah dan buat ngembangin diri sangat amat bagus. mudah2an project perusahaan ini berkembang, supaya tmn2 gen z bisa ikut merasakan kebahagiaan yg saya rasakan üôèüèª"",youtube,Positif";
"180,""liat dr indarawan dari smk kelas 1, sampe sekarang udah kerja di konsultan it. ya walaupun masih 18 tahun dan masih ga mungkin buat bikin bisnis, tapi suka dengerin tips dari dr indrawan."",youtube,Positif";
181,Gen z yg ambisius ingin dipahami dan disupport dalam bekerja,youtube,Positif;
"182,""Saya Gen z saya setuju akan hal itu, kami butuh obrolan yang visioner jangka panjang dengan misi yang sejalan. Kami juga butuh atasan yang melek teknologi dan open mind. Bukan atasan yg mendikte pekerjaan abcd."",youtube,Positif";
"183,""Setujuu banget sih, geneerasi emas sebenarnya adlah generasi setelah kita, karena kita  paham betul apa yg harus di lakukan, kita hidup di 2 zaman yg bener2 bertolak belakang, karena gen z tuh paham betul dann gaa mau ribet, jadi kallau di kasiih tujuannya apa, dan beebas mau lakuin apa buaat kesana, pasti gercep. Bangeett, +berpengalaman Oh shit he&#39"",youtube,Positif";
184,tapi kebanyakan yg tidak bertalenta yg suka berulah. Contohnya asisten rekan kerja saya yg nyanyi seharian pas kerja. As expected hasil kerjanya tidak beres karena perhatian bukan di kerjaan.,youtube,Negatif;
"185,""biasanya yang kurang bertalenta mereka yang ga suka dikasi challenge seperti ini, jadi emang lebih susah buat perusahaan berkembang. leader harus pintar membimbing"",youtube,Positif";
186,saya gen z tp saat saya di titik kalau ga kerja gamakan. saya sudah ga peduli sama ini itu asal bapak senang asal saya dapat gaji udh bodo amat. sendiko dawuh,youtube,Positif;
187,pada intinya gen z gak salah tapi yang salah itu orang yang seebelum kita seharusya memberikan contoh yg baik buat gen z malah mencontohkan korupsi yang memiskinkan negara kita dan para penerus..coba uang gak di korrup pasti semua gen z pasti berkembang itu aja sih,youtube,Positif;
"188,""saya gen z bang tapi saya udh kerja sejak sma kls.1 smpai saat ini,masih kerja sudah berjalan di 5th saya mau kok kerja keras"",youtube,Positif";
"189,""Gen z yang adalah generasi yang banjir akan informasi, ilmu yang di pilih dan di pilah, generasi yang menyeimbangkan antara melenial, jika gen z punya plan matang maka gen z adalah bonus demografi yg kita inginkan bersama akan berhasil.<br><br><a href=""""http://www.youtube.com/results?search_query=%23sayagenz"""">#sayagenz</a>"",youtube,Positif";
"190,""Setuju sih dengan apa yg di sampaikan, terutama emang gen tidak malas hanya saja jaraang di berikan kesempatan üòÖ"",youtube,Positif";
"191,""Setujuu, bagus kontennyaa buat anak gen z yang punyaa citaa citaaa"",youtube,Positif";
192,Yang jelas its oke stres tapi ttp berusaha survive ya..harus terus diusahakan sampai batas maksimal.,youtube,Positif;
"193,""Gen z itu harusnya diberi kesempatan, karena banyak anak-anak gen z yang mempunyai banyak ide tetapi jarang diberikan wadah"",youtube,Positif";
194,Semangat generasi mudaüí™üèª,youtube,Positif;
"195,""Gen z butuh banget edukasi seperti ini, semakin tinggi mimpi kita semakin berat perjuangan nya"",youtube,Positif";
196,Iya bner skrng gen z klo kerja banyak ngeluh,youtube,Negatif;
197,Gen Z masa depan Indonesia... harus di motivasi secara positif dan terus menerus...,youtube,Positif;
198,tantangan gen z dimasa yang akan datang bukan hanya soal perubahan dunia kerja tetapi juga tentang tetap mempertahankan budaya kerja indonesia yang harus tetap dijaga.,youtube,Positif;
"199,""Yang paling penting buat Gen Z adalah di dengarkan bukan di remehkan di kasih kesempatan untuk coba dan gagal bukan langsung di mentahin karena pikiran kita beda sama generasi milenial atau baby boomer kita bisa kritis juga asal jangan dibandingin sama jaman dulu aja ya udah pasti beda lah fakta nya kita hidup di masa sekarang bukan masa penjajahan, masa krismon atau kesusahan masa terdahulu"",youtube,Positif";
"200,""terimakasi ilmu dan diskusinya pak, sangat memotifasi gen z, saya sebagai gen z sangat senang dan berterimakasihüôèüèªüôèüèª"",youtube,Positif";
"201,""hidup harus dijalan dan disyukuri. persiapan mental, komunikasi yang baik. harus semangat‚ù§"",youtube,Positif";
202,Gasss aj dulu curhat belakangan.... Smangat Gen Z doing or nothing,youtube,Positif;
"203,""Semakin tinggi mimpi kita, semakin berat perjuanganya. Jgn pernah menyerah ‚ù§"",youtube,Positif";
204,Semoga target saya tercapai,youtube,Positif;
205,Motivasi Gen Z Bekerja keras untuk membangun masa depan yang lebih cerah,youtube,Positif;
206,Gen z itu sebenarnya memang harus dikasih kepercayaan dan kesempatan.,youtube,Positif;
207,Semangat anak muda gen z,youtube,Positif;
"208,""Saya sebagai gen Z setuju, gen Z itu punya cara kerjanya sendiri dan lebih kritis mengenai pekerjaan. Dan banyak banget gen z disalahkan karena sikapnya yang tegas dan pemikiran yang kritis. Dari bentuk sikap itu sebenarnya ditunjukkan ketika gen z telah menerima sikap yang tidak pantas. Jadi gen Z itu layak untuk di akui di dunia kerja maupun dunia sosial"",youtube,Positif";
209,Gen z itu harus diberikan kepercayaan,youtube,Positif;
"210,""Semangat anak muda Gen Z,semakin gede cita2 mu makin semangat buat kedepannyaüòò"",youtube,Positif";
211,Saya gen z Alhamdulillah tidak lembek dan selalu memiliki semangat tinggi untuk bekerja &amp,youtube,Positif;
212,Memang gen z adalah generasi strawberry...kurang kuat menghadapi tantangan..,youtube,Negatif;
213,Semangat gen Z agar bisa merubah bangsa ini jadi lbh maju,youtube,Positif;
214,setuju saya dengan Gen Z perlu di beri kesempatan. Ini berdasarkan pengalaman saya sebagai Gen Z. Saya menilai diri saya termasuk dengan Gen Z,youtube,Positif;
215,Kalo aku bakalan perjuangin mimpi sih walaupun tinggi dan susah aku siap bertempur,youtube,Positif;
"216,""Tks utk pencerahannya dr, semoga anak Gen Z dpt sukses menciptakan lapangan kerja sendiri sesuai talenta masing2"",youtube,Positif";
"217,""Setuju, gen z hrus di beri kesempatan, dan tidak terlalu di kekang"",youtube,Positif";
"218,""tpi bener genz tuh memang punya pola pikir yg beda dari generasi sebelumnya. gaada yg salah, cuma gimana cari kita sama2 belajar untuk saling paham aja."",youtube,Positif";
219,Mnurut aku gen z itu bukan malas ataupun mls berpikir tp lebih ke harus bnyk suport dri orang sekitar dan orang terdekat nya,youtube,Positif;
220,Sy org tua yg cemas dgn gen Z,youtube,Negatif;
"221,""Ga semua gen Z itu malesan, atau yang sering dikatakan gamau rekoso mau nya instan<br>Sebenarnya tergantung lingkungannya aja sih.."",youtube,Positif";
"222,""kesimpulan saya,gen z itu ga sepenuhnya malas,soalnya sy sring ngeliat para gen z terutama yg masih pelajar banyak bekerja di malam hari dan pagi hari nya melakukan kegiatan belajar ‚ù§"",youtube,Positif";
223,generasi z memang harus diberi kesempatan dan kepercayaan,youtube,Positif;
224,Aku yang Generasi milenial ini bangga sama bbrapa anak gen Z  kreatif sekali,youtube,Positif;
"225,""Gen z adalah calon pemimpin d masa depan,, yang harus dibina mental dan pola pikir mereka,,sehingga mereka bisa berperan lebih aktif dan baik dr gen gen sebelumnya..."",youtube,Positif";
"226,""sebenarnya Gen Z itu nggak semuanya  malas, banyak saya lihat diluaran yg bekerja keras demi menggapai cita-citanya"",youtube,Positif";
227,Semoga gen z lebih semangat lagi untuk hidup yg lebih baik lagi,youtube,Positif;
"228,""terimakasi pa indraa sangat bermanfaat ,semoga gen z gen z yang lagi berusaha bisa berhasil yaa"",youtube,Positif";
"229,""Gen z bukan malas , hanya pemikiran mereka menyesuaikan realita hidup sekarang , jd memang tidak bisa disamakan dengan orang jaman dahulu"",youtube,Positif";
230,Tantangan hadapin gen Z,youtube,Negatif;
"231,""Generasi Z itu cepet berubah2,cara mendidik anak jg jd susah krn beda jamannya dengan kita dulu,,terkdang berpikir gimana yaa kdepannya kehidupan kita."",youtube,Negatif";
"232,""benar, gen z pada dasarnya perlu di apresiasi dan tidak di pandang sebelah mataüôèüèª"",youtube,Positif";
233,Semoga gen z bisa terus berkarir,youtube,Positif;
234,Kita sebagai orang tua jg perlu membimbing anak kita sedini mkn untuk menjadi mandiri krn anak gen z jaman sekarang selalu diberi kemudahan dan dibantu oleh org tua sehingga mrka tdk mnjd mandiri ketika drwasa,youtube,Positif;
"235,""Gen z harus bisa melawan diri sendiri untuk bangkit dari zona nyaman,dan juga harus melawan harus yang sangatt deraas."",youtube,Positif";
"236,""Masa depan negara ada ditangan generasi muda... Baik gen z, gen alpha dst... Yg terpenting juga adab dan ilmu... Semangat maju generasi mudaa üòä"",youtube,Positif";
237,Gen Z hanya memerlukan kepercayaan dari lingkungan sekitar untuk mereka mengepresikan karya mereka,youtube,Positif;
"238,""sebagai gen z,gen z itu tidak malas akan tetapi tidak menggunakan kesempatan nya dengan baik"",youtube,Positif";
"239,""Saya setuju, Gen_Z perlu diberi kesempatan untuk membuktikan kualitas diri mereka. Dan kepercayaan menjadi salah satu semangat untuk pembuktian diri mereka"",youtube,Positif";
"240,""setuju saya dgn gen z perlu diberi kesempatan, dan ini juga sebagai pengalaman saya sebagai gen z. saya selalu merasa minder dengan kemampuan orang lain, yg dimana orng lain bisa melakukan kemampuan atau bakat yg saya punya. tapi saya selalu menjadikan semuanya segabai pelajaran untuk kehidupan saya selanjutnya sebagai gen z"",youtube,Positif";
"241,""Semakin tinggi mimpi,semakin berat jga perjuanganüí™üèª"",youtube,Positif";
242,Iya emang rada keras kepala jadi harus kasih kepercayaan,youtube,Positif;
"243,""Hidup harus dijalani, harus disyukuri, persiapan mental, komunikasi yang baik, harus semangat.... üéâ"",youtube,Positif";
"244,""Sebagai gen z sebenarnya kita bukan bandel, malas, atau sebagainya, semua gen sebenernya sama kok ga ada perbandingan, hanya saja karena kita lahir di perkembangan teknologi yang semakin maju, praktis dan cepat  jadi penyelesaian masalah cukup cepat dan kita bisa istirahat lebih lama."",youtube,Positif";
"245,""Keren sih,hrus semakin giat kita.jgn mau yg instan saja mengharapkan yang gampang"",youtube,Positif";
246,Semakin tinggi yang ingin di capai semakin tinggi perjuangan nya,youtube,Positif;
247,Mimpi nya besar usahanya g bole kecil,youtube,Positif;
248,Semangat gen z,youtube,Positif;
249,Menurut saya generasi sekarang bukan tentang dia malas atau tidak mau berusaha. Tapi beli mau mencoba. Overall semuanya sudah berusaha tapi tidak sabar dengan hasilnya,youtube,Positif;
250,emg beda gen z skrg krna mreka cara pkirnya lebih simple dan tidak mau trlalu ribet,youtube,Positif;
251,Semangat ayo generasi muda...kamu bisa,youtube,Positif;
"252,""Menurut saya obat malas gen Z adalah selalu produktif dirumah Deng cara mencari informasi ide ide jualan yg bisa dijual disekitar lingkungan yg terjangkau agar tidak malas malasan dan bisa menambah uang jajan, Terimakasih"",youtube,Positif";
"253,""Gen Z sangat ekspresif dalam menunjukkan jati dirinya, baik itu melalui cara berpakaian atau dalam konten-konten media sosialnya"",youtube,Positif";
254,Semangat untuk kita semua generasi muda.,youtube,Positif;
"255,""Makin besar mimpi nya makin harus lebih extra juga perjuangan ny, mskipun berat juga rintangan nya"",youtube,Positif";
"256,""Generasi ini mau tahu bahwa pekerjaan mereka punya arti. Kalau pekerjaan itu bisa membantu orang lain, mereka akan lebih semangat."",youtube,Positif";
"257,""Anak¬≤ jaman sekarang memang harus ada yang memberikan dia bimbingan untuk melakukan sesuatu yang berguna untuk diri mereka, karna mereka terhambat oleh rasa malas mereka."",youtube,Negatif";
258,Dikarenakan besarnya Impian yang harus dicapai sehingga apa yang mereka lakukan terasa kurang memuaskan,youtube,Negatif;
"259,""Penuh insfiratif dan sangat menarik, mentall kehidupan yang keras ,untuk memajukan diri dan sangat butuh perjuangan"",youtube,Positif";
260,Hidup hrs selalu bersyukur dan hadapi smw dg ikhlas jgn prn malas meraih mimpi setinggi langit.,youtube,Positif;
261,Semangat untuk generasi muda Indonesia,youtube,Positif;
262,MasyaAllah tetap semangat gen Z,youtube,Positif;
263,Gen z mengikuti perkembangan jaman pola pikir yang maju,youtube,Positif;
"264,""Sangat menarik, Gen Z sering dianggap malas dan hanya ingin hal-hal instan. Namun, dia percaya bahwa Gen Z memiliki potensi besar jika diberi kesempatan yang tepat. Dia menyarankan untuk memberikan tantangan kepada Gen Z dan menciptakan lingkungan yang mendukung mereka untuk berkembang. Dia juga menekankan pentingnya memberikan dukungan dan sumber daya yang diperlukan oleh Gen Z."",youtube,Positif";
265,saya setuju generasi muda harus lebih kritis dan siap berkorban,youtube,Positif;
"266,""konten yang daging banget dan sangat relate dengan keadaanku belakangan, yang mana aku tuh waktu awal-awal masuk kuliah merasa minder sama temen-temen lain yang kemampuannya di atas aku, sedangkan aku masih ga tau apa yang aku bisa. Tapi seiring waktu dan perubahan lingkungan sekitar, aku merasa aku pun ikut berubah karena lingkungan aku yang sekarang ini jauh lebih baik dan supportif, temen-temennya juga lebih asih, jadi aku bisa lebih percaya diri buat coba-coba hal baru."",youtube,Positif";
267,Seharusnya Gen Z ini lah yang menjadi Role model kedepan agar dapat kerja sesuai Passion dan Memotivasi melienial agar dapat bekerja sesuai bidang nyaüòä,youtube,Positif;
"268,""Masih mencari peluang dizaman yg serba musiman, karna minat gen Z tidak monoton."",youtube,Positif";
"269,""Gen Z itu telah biasa dimanjakan orang tuanya,jadi tidak tahan banting."",youtube,Negatif";
270,Gen Z mengikuti perkembangan jaman dan pola pikir yg maju ditambah pola hidup yg sehat,youtube,Positif;
"271,""Harus kita sadari, banyak hal yg harus kita intropeksi. Apa sih kelebihan dari gen Z? dan Apa hal negatif didalamnya? Mereka lebih mengenal dunia teknologi, berpikir kritis, mandiri, kreatif dan inovatif, dan banyak wawasan global yg mereka miliki. Namun, bila disadari banyak dari kalangan anak-anak hingga tua belum memanfaatkan hal-hal tersebut. Banyak anak putus sekolah/tidak mau sekolah karena hp, membuat konten&quot"",youtube,Positif";
272,semangat buat anak muda gen z,youtube,Positif;
273,setuju sih kita sebagai Gen Z harus menjadi bos jangan jadi karyawan mulu capee bosquuu üòÖüòÖüòÖ,youtube,Positif;
"274,""Perspektif yang bagus banget, jadi ilmu baru melihat Gen Z dari sudut yang berbeda."",youtube,Positif";
275,Semangat buat gen z,youtube,Positif;
"276,""Semangatttt untuk kita Generasi Muda Indonesia, mau itu Gen Z atau Milenial üí™ü•∞"",youtube,Positif";
"277,""saya gen Z, tapi saya ga pemalas, saya juga ga lembek, saya masih muda sudah terbiasa ngehandle 5 bisnis, jangankan healing waktu main saja tidak ada, saya juga bukan anak orkay, saya belajar otodidak dan ngerintis bisnis saya sendiri tanpa minta modal ke orang tua saya, kalo ada yang bilang semua gen z pemalas, jelas saya tidak terima, semua tergantung individu."",youtube,Positif";
278,Saya gen z lingkungan juga toxic ga tau arahnya mencari lingkungan yg baik seperti ga nemua aja lingkungan yg mendukung saya malah jadi tertekan tapi itu membentuk saya agar kuat lagi di kemudian harinya ü¶æ,youtube,Positif;
"279,""gw nemu 2 gen z yg baru lulus sekolah, <br>yg pertama gw cut setelah masuk seminggu.<br>yg kedua keluar sendiri setelah gw kasih shock terapi selama sebulan penuh (karena dia hasil rekomendasi temen, gak tega mecat).<br><br><br>udah lelet, gada inisiatif, gak bisa bangun pagi pula.<br><br>menurut gw sweet spot karyawan yg udah siap kerja ya yg umur 23 keatas. gak lagi2 nerima bayi yg baru turun dari ayunan."",youtube,Negatif";
"280,""Ilmunya sangat menginspirasi dan memotivasi para pemuda pemudi untuk masa depan yang lebih baik khususnya gen z, saya sering berpikir ingin melakukan sesuatu yang besar, ingin mengupdate ilmu pengetahuan dan menjadi orang yang selalu berfikir positif. Alhamdulillah selain baca buku dan dengan konten seperti ini bisa mengantarkan kami para gen z  melihat masa depan untuk yang lebih baik"",youtube,Positif";
281,Gen Z itu perlu dikasih kesempatan. Mereka akan menemukan solusi termudah untuk mengatasi suatu masalah. Karena mereka adalah mager squad :v,youtube,Positif;
282,Gak semua gen z malasss seperti itu Pakk....jancukkk,youtube,Negatif;
"283,""Ya bner gen z d office saya lemah bgt, dkit2 resign"",youtube,Negatif";
"284,""Alhamdulillah sy pny anak GenZi, skrg hidup nya lg sulit2 nya tp ga pernah ngeluh<br>üòä‚ù§"",youtube,Positif";
285,Di daerah saya ...tidak ada gen  Z yang malas...mereka ingin sekali kerja karena mereka ingin punya duit sendiri ...dan berharap bisa bantu keluarga...<br>Jangan di pukul rata kalau gen z malas <br>Sayang lowongan kerja terbatas itu masalahnya,youtube,Positif;
"286,""gen Z itu cengeng... padahal saat ini sumber belajar kalian luar biasa sumbernya dimana2x, mudah dan murah (beberapa gratis) tapi ga di manfaatkan optimal hanya karena bhs inggris... padahal mereka dari SD sudah belajar bahasa inggris"",youtube,Negatif";
287,Oh ya? yang cengeng semua Gen Z atau hanya beberapa? Masih banyak Gen Z yang bisa tampil dengan baik dan menunjukkan bakat mereka pada dunia. Masih banyak Gen Z yang bisa melakukan apa yang generasi milenial lakukan. Ga semua orang sama.,youtube,Positif;
"288,""Preteli elemen-elemen dalam konsep internal genZ yang tidak rasional dan kontraproduktif, bahkan anti intelek. Konsep internal mereka dibuat oleh agen-agen  budaya seperti orang tua dan lingkungan. Begitu menurut saya agar generasi genZ punya motivasi untuk maju dan mau melakukan kerja keras untuk itu. Terima kasih."",youtube,Positif";
"289,""Kenali musuhmu, pahami medan peperanganmu, dan persiapkan dirimu, maka kau akan menang. Semangat gen Z"",youtube,Positif";
290,Bukan gen Z tapi gen M....males...semua serba ada. Teknologi sudah instan. Jadi banyak menghalu. Disamrphine,youtube,Negatif;
291,Masa depan Indonesia ada di tangan Gen Z... Semangat para pemuda penerus Bangsa,youtube,Positif;
"292,""aku punya karyawan rata rata di genz, yg harus dipahami mereka generasi glow up bukan gerasi grow up. Mereka akan terpacu pada glow up penampilan, fashionable, glow up fi sosmed holiday, healing, tapi kita sebagai pengusaha ngasih wadah kasih step, kasih ilmu untuk mereka bisa mikirin buat bertumbah grow up  untuk masa depan lebih panjang, mereka harus punya kepribadian yang kompeten"",youtube,Positif";
293,Gen z = sampah generasi,youtube,Negatif;
294,Smangat anak muda gen Z karna kamulah pahlawan yg bisa merubah dan membawa bangsa ini selamat dr negara menengah‚ù§‚ù§,youtube,Positif;
295,Bener sih gaji faktor utama wajar gen z pindah2 awal karir mungkin oke aja digaji berapa tetapi kan semakin bertambah umur semakin banyak apalagi di tempat sebelumnya gaada kenaikan gaji jadi wajar buat pindah untuk bayaran lebih tinggi,youtube,Positif;
"296,""Saya Milenial<br>Menurut saya gen Z itu tidak malas, genZ yang seperti keliatan malas dan bermental manja<br>Sebenarnya Itu adalah tugas Milenial untuk menciptakan sistem kerja yg mudah, karena milenial yg hidup diperubahan yg cepat<br><br>Bahayanya kalo milineal idealis dengan sistem yg tetap dan dan gak mau diubah ubah"",youtube,Positif";
"297,""Generasi z adalah ajang untuk meningkatkan segala hal yg sangat  urgen dibutuhkan oleh bangsa, banyak hal positif dari kemajuan zaman modern seperti ini,,, namun tergantung tiap individu yang mana teknologi sekarang ini bisa bermanfaat bisa berbahaya . Tidak sedikit dari seseorang yg jatuh dan terkubur dalam zona nyaman disebabkan tidak bijak dalam memanfaatkan teknologi saat ini"",youtube,Positif";
"298,""Kalau menurut gue sbg Gen-Z, apa salahnya jadi strawberry kalau kita adalah strawberry yang manis dan tidak gampang busuk? Gue setuju, kasih kami challenge yang tepat, kasih kami resource yang besar supaya nanti kalian lihat sendiri, seberapa besar semangat kami untuk menjadi strawberry yang baik. Gen-Z sekarang arguably sangat banyak yang kompeten, secara intelektual dan pola pikir. Cuman kalau Bapak Ibu yang terhormat menyuruh ikan untuk memanjat pohon, ya lama-lama kita akan menjadi &#39"",youtube,Positif";
"299,""Karna kita genz lbh kritis orang nya , gak mau lakuin atau kerjain kalo belum tau faedah nya apa kerjain bgt . Dan kt juga punya cara bekerja sendiri"",youtube,Positif";
"300,""Lebih tepatnya bukan malas,tapi susah cari kerja ,dan mrnurut gua,lu punya uang lu bisa nyogok kerja,lu punya orang dalam lu bisa kerja,sekalipun kita pengn jadi supir,gx ada tuh yang mau ngasih pembelajaran menyetir.. dan menurut gua (orang yang di atas gen Z itu takut kesaing) imbasnya kehilangan mata  pencaharian  .."",youtube,Positif";
"301,""Gen Z lembekkkk<br>kebanyakan mental health, payah!!<br>Budir? gapapa, mengurangi persaingan di bursa lapangan kerja‚úåüèº"",youtube,Negatif";
"302,""Salah satu saya resign diluar jauhnya rumah adalah payment yg tidak sesuai perjanjian. Kesepakatan A, sudah dilakukan, tp ga diberikan hak nya. Mulai dr perusahaan kecil smp grup yg besar. Protes pun ga didengarkan terus. Wkwkwk.. pada akhirnya, ya sudah kerja sesuai tupoksi. Ga akan pernah mau lagi sok2an bantu2 perusahaan diluar jam kerja saya (keur mah emg pulang selalu overtime jg,)."",youtube,Negatif";
"303,""setuju banget ama pandangan narasumber,  Gen Z itu kebanyakan merasa paling tahu dan paling pinter, PD banget padahal setelah diuji ilmunya masih cetek..gen Z yang sering kami temui di lingkungan kerja dan pergaulan masyarakat, agak kurang bisa dipercaya kalau dikasih tanggungjawab kerjaan .. kerjanya ga militan, asal pencitraan, males, mageran, dikit dikit ngeluh, ga kuat pressure, baperan ,pokoke satu team ada gen z hanya bikin dongkol dan repot, cara pikirnya beda jauh dengan orang yang pengalaman kerja dah lama, tapi kalau dikasih tau nyolot... haduhh rusak masa depan bangsa kalau model anak muda kebanyakan model gitu, bahaya!"",youtube,Negatif";
"304,""Generasi Z itu mereka hidup sesuai jaman mereka sekarang, ibaratnya kalau kita pikir lebih hemat uang jalan daripada naik bis, mereka berpikirnya lebih baik naik bis untuk hemat tenaga, ga ada yang salah, cuma cara berpikirnya berbeda."",youtube,Positif";
"305,""setuju saya dengan Gen Z perlu di beri kesempatan. Ini berdasarkan pengalaman saya sebagai Gen Z. Saya menilai diri saya termasuk dengan Gen Z yg bisa dibilang Strawberry generation. Saya dulu merasa minder dengan kemampuan orang lain,dimana orang lain bisa melakukan kemampuan atau bakat yg saya ga punya, saya selalu punya ide di pikiran saya tapi saya tidak pernah dapat merealisasikannya karena ya balik lagi terhadap lingkungannya yang  &quot"",youtube,Positif";
"306,""Saya hire gen-z rata2 lembek, manja, malas, banyak mau...<br>Bikin lama dalam bangun tim ideal.<br><br>Eh gue juga gen Z sih wkwk<br>Tapi untungnya di didik di lingkungan millenial pas dulu fresh graduate, karakter daya juangnya masih nempel"",youtube,Negatif";
"307,""sama saya gen z, saya kerja jam 8 balik jam 5,<br><br>cuma emang dibanyak lingkungan kerja kita dapet stigma buruk, apalagi di zona bumn ma pns, <br>temen saya ada yg resign dari pns karena gakuat ma lingkungan kerjanya, <br><br>malah skrg enakan di swasta (desain grafia) üòÇ"",youtube,Negatif";
"308,""Salam sehat semua.. Jujur saya suka sama podcast seperti iniüëç Yang saya tangkep dari podcast ini gen Z diminta untuk keluar dari zona nyamannya, mencoba hal baru itu kuncinya. Sehingga mental gen Z berubah karena merasa dirinya tertantang melakukan challenge dan membuat dirinya kuat. Terimakasih salam sehatüí™"",youtube,Positif";
"309,""Pendekatan dengan gen z itu harus lebih santai, semua butuh waktu proses pendewasaan, yang membedakan org2 dulu lebih bnyk terpengaruh dari lingkungan dan rekan kerja langsung, anak gen z cenderung lbh mendengar ke pengaruh sosial media, usahakan bangun sosialisasi dengan rekan kerja secara langsung, krn didunia kerja tdk semua teori ada di google, kalian butuh sense of working dan teamwork"",youtube,Positif";
310,Gen Z = Generasi paling tidak kenal dengan namanya sopan santun....itu nyata,youtube,Negatif;
311,Setuju sih.. Makannya aq males kalo kerja ama anak generasi Z. Maaf jujur soalnya.. <br>Apalagi loyalitasnya itu gak ada pol..<br>Itu yg aq alami sih..<br>Memang lebih kritis. Tp gak mau capek dulu. Gak mau soro sek. Terlalu crewet dan banyak ini dan itu. Jangan menyalahkan generasi sebelumnya yah. Tp harus lebih evaluasi generasi diri sendiri dulu. Okey. Gemezzz..,youtube,Negatif;
"312,""Setuju atau ngga, suka atau ngga,.  Gen Z mmg generasi sangat lemah, vulnerable... pengetahuan nya sangat minim.. paling ngga itu yg terjadi ketika mereka mulai masuk dunia kerja."",youtube,Negatif";
"313,""Gen yg ngutamain tebar pesona, minim tidur karna teknologi tp kebanyakan ngimpi.<br>Efek dari lahir serba difasilitasin orang tua ya apa aja wajar kalo sekedar soal kerjapun penginnya serba enak tp ga nyadar diri."",youtube,Negatif";
314,padahal generasi ini sangat kami andalkan apalagi di segmen target pasar brand lokal. tapi ternyata mereka lebih suka brand impor bela belain beli bekas lagi demi sebuah merek impor. menurut saya sipat mereka salah satu penyebab deflasi ekonomi. parah sih,youtube,Negatif;
"315,""Gen Z larinya apa-apa ke masalah mental, ya mental health lah, ya self reward lah, banyak ngeluh padahal masih butuh wkwkk"",youtube,Negatif";
"316,""kebanyakan mikirin masa lalu jadinya mental health rusak,,, kebalikan greatest generation yang sama sekali ga bisa mikirin masa lalu, karna harus mikirin masa depan, gimana biar mereka bisa hidup makmur (kebanyakan masi dalam jajahan negara luar)..... <br><br>coba anak gen z belajar bbrpa hal penting dari greatest generation,,,, apa jangan2 gen alpha bisa better drpada gen z perihal &quot"",youtube,Negatif";
"317,""saya jg...mereka selalu baper seakan2 hidup di ftv,<br>ini dunia kerja, the real life....<br>minim adab, mau di perhatiin tp blas gk ada dedikasi buat perusahaan"",youtube,Negatif";
"318,""semangat....<br>saya bbrp kali memberi saran dan pengalaman, selalu di tolak,,blm selesai bicara sudah di cut,,,tapi kan, tapi kan...<br>setiap gen tidak semua buruk,<br>maka jadilah yg terbaik walau itu termasuk minoritas"",youtube,Negatif";
"319,""Punya beberapa bawah dari gen z kita jadi mumet diri. Gimana ya menurut saya mereka ini unik kalau kita mode disiplin maka mereka akan ngambek, lalu kami ubah mode dihalusin lha mereka jadi ngelunjak, lalu coba kamu ubah mode di biarkan kasih tugas eh siapa tahu karena paham tanggung jawab mereka akan bekerja dengan cara mereka sendiri hingga pekerjaan tuntas. Lha ternyata mereka malah  santai santai hingga pekerjaan terbengkalai. Kita jadi susah sendiri trus yang semacam ini enak nya di setting kerja mode apa?"",youtube,Negatif";
"320,""Yang paling menonjol di lingkungan kerja ku adalah kurang nya etika dan tatakrama. Ada satu divisi yang 80% isinya gen Z. Merasa punya dunia sendiri, merasa lebih elit dari divisi lain, tak ada komunikasi atau tegur sapa dengan rekan kerja lain di luar divisinya (kebetulan perusahaan masih berada di area pedesaan yang kental dengan budaya Jawa ramah tamah dan tata krama). Gak pernah ikut acara perusahaan tapi malah bikin acara sendiri."",youtube,Negatif";
"321,""Anjirr relate bgt temen ku kemarin kerja baru satu minggu langsung resign dong, karena kerja nya berat banyak tekananüòÖ"",youtube,Negatif";
"322,""aseli gw gen z, tuntutan kerjaan gw Sulit. tapi gw belajar dari setiap kesalahan gw, hingga gw ubah yang jam kerja nya harusnya 12 jam gw ubah  cuman 5 jam aja. semua tergantung dari prespektif cara gen Z memandang, ga salah Gen Z di bilang tempe gw juga ada temen baru aja di rekomendasiin kerja tapi malah belom 1 hari kerja udah resign karna job desk engga sesuai. kecewa sangat mana tmen sendiri sesama Gen z. sampe sekarang masih cari jawaban apa yang buat Gen Z se tempe itu yah cukup miris. ga ada kebanggaan liat generasi Z yang demo demo menjunjung tinggi perekonomian rakyat."",youtube,Positif";
"323,""Gua gen z, malah ngerasa terganggu sama orang yg sebaya, kerjanya banyak ngeluh anjir, dikit2 cape dikit2 mau libur. Sampe saking keselnya gua minta sama boss gua jangan rekrut gen z, dan kalaupun mau rekrut gen z mending dari kampung dah jangan orang2 kota. Soalnya orang2 dari kampung rata2 tahan banting ga gampang ngeluh gaji ini itu."",youtube,Negatif";
"324,""Ngga semua gen z itu spt itu bang,ada kok gen z yg mempunyai cita¬≤ tinggi dia memiliki mental baja,meraih apa yg di cita ¬≤ kan dg tekat n penuh perjuangan.yg tempe¬≤ itu mmg ada tergantung tekad si anak itu sendiri.tapi 5 dari 10 mereka siap berjuang mewujudkan cita¬≤ nya .itu yg saya lihat di depan mata."",youtube,Positif";
"325,""Saya ngerasa susah bgt kerjasama dengan generasi Z, individual, gampang protes, no 1 materi, pdhl di lingkungan kerja saya harus menerapkan sistem team work."",youtube,Negatif";
"326,""sumpah relate banget, singkat padat dan dapet semua...saya sebagai owner suatu bisnis paling pusing menghadapi kelakuan aneh2 karyawan gen Z ini , dan ini ada disemua yg raymod ceritakan hehehhe"",youtube,Negatif";
"327,""Gen z gak tangguh,mental lemah, pikiran cetek,gampang baper,ga punya pikiran jangka panjang alias cetek,ngutamain gaya alias banyak gaya dll..."",youtube,Negatif";
"328,""padahal menurut gw gen z lebih pinter dri pada gen yg lain klo mereka niat banget kerja,"",youtube,Positif";
329,Ayoh gen Z kita kerja sampai sukses,youtube,Positif;
330,Saya sedang bergumul dgn anak2 saya yg sedang beranjak remaja... <br>Supaya mereka punya mental juang,youtube,Positif;
"331,""Sangat betul, tapi Gen Z insyaAllah akan bikin dunia berwarna. Mereka pintar pintar kok. Cuman mentalnya saja yang harus dihilangkan."",youtube,Positif";
"332,""Setuju sih,Tapi gen z Jauh lebih banyak pengetahuan dari generasi sebelum nya"",youtube,Positif";
333,Mental health menjadi masalah di gen z. Saya sebagai gen milenial merasa melihat jauh perbandingan nya dgn gen z.,youtube,Positif;
"334,""permasalahan Gen Z ini sepertinya hampir di semua tempat kerja, dan juga perkuliahan.. mungkin karena diawal mereka hidup tidak terbiasa dengan kondisi bekerja keras, ulet, telaten, sabar dll.."",youtube,Negatif";
"335,""Gen z juga klau disupport dengan baik pasti mereka tumbuh dngan baik dan tidak ada yg nmanya mental health, itu krna faktor perkembangn jaman yg semakin kesini semakin toxic parah üòÖ"",youtube,Positif";
336,Memang bener sih. Kebetulan staff saya kebanyakan gen Z. Anaknya pinter2 &amp,youtube,Positif;
337,Selama ini cm baca thread mengenai GenZ di lingkungan kerja dan kmaren mengalami sendiri akhirnya. Aseli berattt. Pantes banyak yg gedeg. ,x,Negatif;
338,@Tetsu_85 @investorgabut Sepengalaman gw ngadepin genZ . pinter2 kita baca karakter mereka sekiranya masih bisa dicreate dan diselamatkan ya tinggal diarahkan. byk yang kerja bagus dan good attitude. dan sekiranya udah mental blok dan toxic segera tendang,x,Positif;
339,@stephvalentina_ Team members gw banyak genz. Perform bagus bisa promotion terus dan akhir nya pada bisa beli rumah. Kenapa karir bisa lancar gitu? Karena dari awal gak pernah punya pikiran buat apa kerja keras . Dari keluarga privileged? Enggak juga. Jad,x,Positif;
"340,""bahkan beberapa perusahaan aja ada yg mengindari gen Z Ô£ø√º√≤√§.<br>susah memang, dikit2 healing, dikit2 mental health Ô£ø√º√≤√§Ô£ø√º√≤√§"",youtube,Negatif";
"341,""Gw gen z,mental gw itu kyk down bgt.Suka main hp,takut sama petir,dimarahin dikit sakit hati,aneh dan konyol.Huff..... Aneh... Aneh ...."",youtube,Negatif";
342,Etos kerja Gen Z dianggap rendah karena mengutamakan fleksibilitas berlebihan.,x,Negatif;
343,Kecenderungan Gen Z untuk multitasking justru menurunkan kualitas kerja mereka.,x,Negatif;
344,Tanggung jawab sering diabaikan oleh Gen Z ketika merasa tidak nyaman.,x,Negatif;
345,Banyak Gen Z yang menghindari tekanan dan memilih untuk cepat resign.,x,Negatif;
346,Gen Z terlalu banyak membawa urusan pribadi ke lingkungan kerja.,x,Negatif;
"347,""Generasi Z membawa semangat baru ke dunia kerja, mengedepankan kepedulian dan keadilan bahkan di lingkungan yang fleksibel."",x,Positif";
348,Sikap inovatif dan konsisten yang dimiliki Generasi Z membuat mereka unggul dalam membangun hubungan kerja yang disiplin.,x,Positif;
"349,""Ketekunan dan dedikasi Generasi Z patut diacungi jempol, mereka bekerja dengan kerja sama dan punya transparansi tinggi."",x,Positif";
350,Gen Z lebih fokus pada pencitraan digital dibandingkan kinerja nyata.,x,Negatif;
351,Etika kerja Gen Z sering dianggap lemah karena kurangnya loyalitas terhadap perusahaan.,x,Negatif;
"352,""Ketika menghadapi masalah, Gen Z cenderung menghindar daripada mencari solusi."",x,Negatif";
353,Sikap kreatif dan efisien yang dimiliki Generasi Z membuat mereka unggul dalam membangun hubungan kerja yang positif.,x,Positif;
354,Kesulitan bekerja dalam tim sering muncul di kalangan Gen Z.,x,Negatif;
355,Komunikasi profesional dari Gen Z sering kurang sopan atau terlalu informal.,x,Negatif;
356,Gen Z kurang menunjukkan inisiatif jika tidak diarahkan secara eksplisit.,x,Negatif;
357,Generasi Z terlihat kurang konsisten dalam menyelesaikan tanggung jawab kerja.,x,Negatif;
358,Beberapa Gen Z terlalu bergantung pada teknologi tanpa memahami proses kerja mendalam.,x,Negatif;
359,Adaptasi terhadap budaya kerja konvensional menjadi tantangan berat bagi Gen Z.,x,Negatif;
360,Generasi Z menunjukkan etika kerja yang disiplin dengan semangat adaptif dan kemauan belajar yang produktif.,x,Positif;
361,Generasi Z menunjukkan etika kerja yang adaptif dengan semangat inovatif dan kemauan belajar yang adaptif.,x,Positif;
362,Gen Z menghadirkan budaya kerja yang sehat dengan keseimbangan antara keadilan dan keadilan.,x,Positif;
"363,""Etika kerja Generasi Z terlihat dari komitmen mereka terhadap kepedulian, keadilan, dan kejujuran."",x,Positif";
364,Disiplin waktu masih menjadi tantangan besar bagi banyak pekerja Gen Z.,x,Negatif;
365,Gen Z cenderung cepat bosan dan sulit berkomitmen dalam jangka panjang.,x,Negatif;
366,Banyak dari Gen Z yang sulit menerima kritik konstruktif di tempat kerja.,x,Negatif;
367,Gen Z kerap kali menuntut hak tanpa memahami kewajiban kerja mereka.,x,Negatif;
368,Saya justru sering melihat Gen Z kesulitan menjaga kerja sama dan cenderung kurang disiplin saat menghadapi tekanan kerja.,x,Negatif;
369,Gen Z kerap dianggap menghadirkan budaya kerja yang kurang sehat karena belum mampu menyeimbangkan profesionalisme dan tanggung jawab secara konsisten.,x,Negatif;
"370,""Etika kerja Generasi Z sering kali dipertanyakan karena lemahnya komitmen terhadap tanggung jawab, kejujuran, dan keseriusan dalam bekerja."",x,Negatif";
"371,""Ketekunan dan dedikasi Generasi Z patut diacungi jempol, mereka bekerja dengan kepedulian dan punya kerja sama tinggi."",x,Positif";
372,Gen Z menghadirkan budaya kerja yang tidak sehat dengan ketidakseimbangan antara tanggung jawab dan kualitas.,x,Negatif;
"373,""Generasi Z tidak membawa semangat baru ke dunia kerja, mengabaikan kepedulian dan tanggung jawab bahkan di lingkungan yang menantang."",x,Negatif";
"374,""Generasi Z tidak menunjukkan etika kerja yang disiplin, kurang memiliki semangat produktif dan tidak memiliki kemauan belajar yang kuat."",x,Negatif";
"375,""Generasi Z kurang adaptif dalam etika kerja, tidak menunjukkan semangat inovatif dan kekurangan kreativitas dalam belajar."",x,Negatif";
"376,""Etika kerja Generasi Z tidak tercermin dari komitmen mereka, karena mereka kurang menginspirasi dan jarang menunjukkan keinginan untuk berkembang dalam tim."",x,Negatif";
"377,""Saya menghargai cara Gen Z menunjukkan transparansi, bahkan saat bekerja secara remote mereka tetap efisien dan positif."",x,Positif";
"378,""Generasi Z sering kali belum mampu menjaga kualitas dan integritas, terutama ketika bekerja di lingkungan yang menuntut konsistensi tinggi."",x,Negatif";
379,Saya justru melihat banyak Gen Z kurang peduli saat bekerja remote; kreativitas dan efisiensi mereka tidak selalu terlihat nyata.,x,Negatif
"380,""Etika kerja Gen Z kadang terkesan longgar, dan semangat adaptif mereka belum sepenuhnya dibarengi dengan kemauan belajar yang matang."",x,Negatif";
"381,""Sikap fleksibel Gen Z kadang membuat mereka terlalu santai, dan produktivitas mereka tidak selalu mendukung hubungan kerja yang solid."",x,Negatif";
"382,""Komitmen Gen Z untuk terus belajar dan memberi inspirasi sering kali hanya sebatas wacana, tidak terlihat nyata dalam praktik kerja tim."",x,Negatif";
"383,""Alih-alih menunjukkan transparansi dan tanggung jawab, Gen Z kadang justru menciptakan kebingungan dalam lingkungan kerja yang menuntut kejelasan."",x,Negatif";
384,Etika kerja Generasi Z tercermin dari komitmen mereka untuk terus meningkatkan diri dan meningkatkan diri bagi tim.,x,Positif;
"385,""Ketekunan dan dedikasi Generasi Z patut diacungi jempol, mereka bekerja dengan kejujuran dan punya kejujuran tinggi."",x,Positif";
"386,""Etika kerja Generasi Z kerap kali terlihat kurang konsisten, dan komitmen terhadap tanggung jawab serta kualitas masih sering dipertanyakan."",x,Negatif";
"387,""Alih-alih fokus meningkatkan diri, sebagian Generasi Z justru terlihat pasif dan kurang berkontribusi nyata dalam tim."",x,Negatif";
388,Transparansi dan kerja sama sering kali hanya menjadi jargon bagi Gen Z; praktiknya belum tentu sejalan dengan semangat kualitas.,x,Negatif
"389,""Budaya kerja yang dibawa Gen Z kadang terlalu longgar, membuat keseimbangan antara kerja sama dan tanggung jawab sulit tercapai."",x,Negatif";
"390,""Dalam konteks kerja remote, saya justru melihat sebagian Gen Z menunjukkan sikap kurang adil, dan kreativitas mereka seringkali tidak konsisten."",x,Negatif";
"391,""Meski sering membicarakan kualitas dan kejujuran, Gen Z belum tentu mampu menjaganya secara konsisten di lingkungan kerja yang menuntut produktivitas tinggi."",x,Negatif";
"392,""Ketekunan dan dedikasi Generasi Z tidak selalu bisa diandalkan";" transparansi mereka kadang kabur, dan keadilan pun tidak selalu tercermin."",x,Negatif"
393,Fleksibilitas Gen Z kadang membuat mereka terkesan tidak profesional dalam menghadapi tekanan dan tantangan di dunia kerja.,x,Negatif;
"394,""Meskipun sering menggaungkan inovasi, banyak dari Generasi Z justru terjebak dalam pola kerja monoton tanpa kontribusi baru yang berarti."",x,Negatif";
395,Etika kerja Generasi Z tercermin dari komitmen mereka untuk terus berinovasi dan menginspirasi bagi tim.,x,Positif;
396,Budaya kerja sehat versi Gen Z kadang berarti lebih sibuk mendiskusikan keadilan daripada menyelesaikan tanggung jawab.,x,Negatif;
"397,""Komitmen Gen Z membangun relasi tim? Iya, asal jangan ganggu jam istirahat atau waktu scrolling TikTok mereka."",x,Negatif";
"398,""Gen Z memang peduli… terutama pada jadwal healing dan work-life balance, kerjaan belakangan."",x,Negatif";
"399,""Generasi Z membawa semangat baru ke dunia kerja, mengedepankan keadilan dan keadilan bahkan di lingkungan yang efisien."",x,Positif";
400,Ketekunan dan dedikasi Gen Z memang luar biasa… kalau tidak sedang sibuk dengan notifikasi di ponsel mereka.,x,Negatif;
401,Budaya kerja sehat versi Gen Z tampaknya lebih berarti datang terlambat dengan alasan ‘self-care’ dan mengandalkan profesionalisme lewat emoji.,x,Negatif;
402,Komitmen Gen Z untuk membangun relasi tim hebat—sayangnya lebih sering terjadi di grup chat daripada saat kerja nyata.,x,Negatif;
"403,""Etika kerja luar biasa Gen Z? Mungkin kalau itu berarti banyak wacana, sedikit aksi, dan semangat yang cepat padam begitu koneksi Wi-Fi terganggu."",x,Negatif";
"404,""Generasi Z membawa semangat baru ke dunia kerja, mengedepankan transparansi dan integritas bahkan di lingkungan yang disiplin."",x,Positif";
"405,""Sikap disiplin Gen Z seringkali tampak kurang nyata, sehingga hubungan kerja mereka jadi tidak konsisten dan mudah retak."",x,Negatif";
"406,""en Z seringkali gagal menjaga kerja sama karena terlalu fokus pada hal-hal yang membuat mereka nyaman, bukan pada tantangan kerja yang sebenarnya."",x,Negatif";
"407,""Meskipun terlihat disiplin, semangat fleksibel Gen Z kadang membuat mereka kurang fokus dan kemauan belajar mereka sering tidak konsisten."",x,Negatif";
408,Komitmen Generasi Z untuk menyelesaikan tugas dan belajar sering terhambat oleh kurangnya tanggung jawab dan disiplin yang nyata.,x,Negatif;
"409,""Ketekunan dan dedikasi Generasi Z patut diacungi jempol, mereka bekerja dengan integritas dan punya profesionalisme tinggi."",x,Positif";
"410,""Generasi Z sering terlihat tidak konsisten dalam etika kerja, malah terkesan sulit beradaptasi meskipun mengaku fleksibel dan bersemangat belajar."",x,Negatif";
"411,""Etika digital Gen Z sering dipertanyakan karena mereka kurang bertanggung jawab dalam penggunaan teknologi, yang malah kadang mengganggu produktivitas dan kreativitas."",x,Negatif";
"412,""Komitmen Generasi Z untuk meningkatkan diri dan beradaptasi sering kali lemah, sehingga kontribusi mereka untuk tim jadi kurang optimal."",x,Negatif";
"413,""Generasi Z tampak kurang serius dalam belajar dan berkontribusi, sering terkesan hanya mengikuti tren tanpa fokus pada pengembangan tim yang sebenarnya."",x,Negatif";
414,Generasi Z menunjukkan etika kerja yang produktif dengan semangat efisien dan kemauan belajar yang luar biasa.,x,Positif;
415,Generasi Z punya keunggulan dalam etika digital—mereka paham tanggung jawab dalam penggunaan teknologi secara konsisten dan produktif.,x,Positif;
416,Etika kerja Generasi Z tercermin dari komitmen mereka untuk terus menyelesaikan tugas dan beradaptasi bagi tim.,x,Positif;
"417,""Generasi Z membawa semangat baru ke dunia kerja, mengedepankan tanggung jawab dan integritas bahkan di lingkungan yang disiplin."",x,Positif";
418,Etika kerja Generasi Z sering terlihat lemah karena kurang fokus berkontribusi dan sering gagal mencapai tujuan tim.,x,Negatif;
419,Saya heran bagaimana Gen Z sering kesulitan menjaga keadilan dan malah terlihat kaku saat menghadapi tantangan kerja.,x,Negatif;
"420,""Budaya kerja yang dibawa Gen Z terkadang tidak sehat, karena mereka sulit menyeimbangkan integritas dan kepedulian secara konsisten."",x,Negatif";
421,Komitmen Generasi Z untuk mencapai tujuan dan berkembang dalam tim sering kali terkesan setengah hati dan tidak berkelanjutan.,x,Negatif;
"422,""Sikap Generasi Z yang seharusnya produktif malah sering berulang-ulang tanpa hasil nyata, sehingga hubungan kerja mereka jadi kurang konsisten."",x,Negatif";
"423,""Meski membawa semangat baru, Gen Z kerap gagal mempertahankan transparansi dan kualitas terutama di lingkungan kerja yang fleksibel."",x,Negatif";
"424,""Ketekunan dan dedikasi Generasi Z patut diacungi jempol, mereka bekerja dengan komitmen dan punya profesionalisme tinggi."",x,Positif";
425,Generasi Z punya keunggulan dalam etika digital—mereka paham tanggung jawab dalam penggunaan teknologi secara positif dan kreatif.,x,Positif;
"426,""Etika kerja Generasi Z terlihat dari komitmen mereka terhadap integritas, kualitas, dan profesionalisme."",x,Positif";
427,Gen Z menghadirkan budaya kerja yang sehat dengan keseimbangan antara kerja sama dan profesionalisme.,x,Positif;
428,gen z goblok gabisa kerja,x,Negatif;
"429,""nggak sesuai yang sebenarnya, kerja gen z bobrok"",x,Negatif";
"430,""bnyk genz yang malas bekerja, dikantor Cuma dududk sambil scrol"",x,Negatif";
431,gentol = genz tolol,x,Negatif;
432,genz kerjaannya apa sih? Mereka gabisa kerja,x,Negatif;
433,generasi sekarang khususnya genz suka milih milih pekerjaan,x,Negatif;
434,genz tidak mau kerja kotor kotor,x,Negatif;
435,genz banyakan ngeluh di sosmed,x,Negatif;
"436,""generasi sekaran banyak banget yang pick me , khususnya genz"",x,Negatif";
"437,""Generasi Z membawa semangat baru ke dunia kerja, mengedepankan kualitas dan tanggung jawab bahkan di lingkungan yang adaptif."",x,Positif";
438,fresh graduate sekarang terlalu manja dan banyak mengeluh didalam dunia pekerjaan mengenai jobdesknya ,x,Negatif;
439,generasi z terlalu merasa dirinya paling lelah untuk bekerja,x,Negatif;
440,gen z gampang menyerah dan tidak ada inisiatif dalam dunia kerja,x,Negatif;
"441,""terlalu bermuka 2, didepan atasan mereka terlihat bekerja tetapi dibelakang itu dia cukup malas malasan dan banyak mengeluh"",x,Negatif";
442,butuh afirmasi untuk mendpatkan semangat bekerja,x,Negatif;
443,susah bersosialisasi dan sedikit sulit diajak bekerja sama untuk awal bekerja,x,Negatif;
444,banyak gen z yang melamar dengan cv bagus tetapi kapasitas dirinya tidak sesuai dengan yang ada di cv,x,Negatif;
"445,""gen z sulit untuk berkembang karna jobdesk yang monoton, tidak ada inisiatif dan tidak ingin belajar"",x,Negatif";
446,Sikap produktif dan fleksibel yang dimiliki Generasi Z membuat mereka unggul dalam membangun hubungan kerja yang adaptif.,x,Positif;
"447,""Saya heran bagaimana Gen Z sering bicara soal keadilan, tapi giliran ditantang kerja keras, justru mudah menyerah."",x,Negatif";
448,Sulit rasanya melihat kualitas kerja Gen Z saat remote—terkadang lebih fokus pada gaya kerja fleksibel daripada hasilnya.,x,Negatif;
449,Gen Z menghadirkan budaya kerja yang sehat dengan keseimbangan antara kualitas dan kerja sama.,x,Positif;
"450,""banyak anak sekarang yang lebih suka main, dari pada bekerja"",x,Negatif";
451,kenapa dahh anak anak sekarang gampang frustasi,x,Negatif;
452,temen ku banyak yang kena brainroot,x,Negatif;
453,iya bang temen kerja ku banyak yang dikit dikit ngeluh soal kehidupan mereka,x,Negatif;
454,brainroot ini banyak yang menyerang khususnya genz,x,Negatif;
455,etika generasi sekarang hilang ya? Masak sama atasan gada etikanya,x,Negatif;
456,huhuhu genz gimana sih gabisa kerja ya? Kok di training 3 bulan gapaham paham,x,Negatif;
"457,""kalo udah kebiasaan di rumah gapunya etika, dimanapun berada gada etika walaupun saat bekerja"",x,Negatif";
"458,""gapunya uang ngeluh, punya uang malah main slot dasar genz,"",x,Negatif";
"459,""Saya menghargai cara Gen Z menunjukkan kepedulian, bahkan saat bekerja secara remote mereka tetap inovatif dan konsisten."",x,Positif";
460,Etika kerja Generasi Z tercermin dari komitmen mereka untuk terus berkembang dan mencapai tujuan bagi tim.,x,Positif;
"461,""Saya menghargai cara Gen Z menunjukkan keadilan, bahkan saat bekerja secara remote mereka tetap fleksibel dan efisien."",x,Positif";
"462,""Ketekunan dan dedikasi Generasi Z patut diacungi jempol, mereka bekerja dengan kualitas dan punya integritas tinggi."",x,Positif";
"463,""hati-hati yang punya karyawan genz, mereka kadang suka ngambil barang tapi gak mau bayar"",x,Negatif";
464,kata psikolog ku gen z karena kebanyakan konten receh kemampuan otak mereka berkurang,x,Negatif;
"465,""saya punya teman genz sukanya mabok, main slot"",x,Negatif";
466,etika di lingkungan memepengaruhi etika generasi saat ini,x,Negatif;
"467,""Saya menghargai cara Gen Z menunjukkan keadilan, bahkan saat bekerja secara remote mereka tetap adaptif dan kreatif."",x,Positif";
"468,""Gara-gara bnyk nya beban dan harapan tinggi dari gen boomers x millenials pada gen z , pola pikir dan daya juang gen z menjadi terbebani.."",youtube,Negatif";
"469,""saya jg berpendapat demikian,<br>gen Z mengeluhkan masa lalu, terus dan terus, menghayati kesedihan tanpa bangkit dan semangat, seakan2 hanya dia yg paling menderita dimuka bumi,<br>butuh perhatian, sekali dikasih hati, ngelunjak menggerogoti simpati orang lain untuk ikut andil dalam penyelamatan masa lalu nya,<br>itu tak akan pernah terjadi dekkkkkkkk, selama gen Z tidak bisa berdamai dengan dirinya sendiri..<br><br>dan saya berupaya membangun generasi alpha akan lebih baik, dengan mengajarkan pengalaman2 dan kerja keras saya sebagai gen milenial, saya terapkan pada anak saya sebagai gen alpha, bahwa hidup tak semudah apa yg diimpikan, perlu kerja keras, doa dan tawakal..<br>norma2 yg saya terapkan,<br>sopan santun, bagaimana kita dihargai dengan menghargai org lain trlebih dahulu"",youtube,Negatif";
"470,""Generasi sekarang males,gemar rebahan(seperti anakku cewek)Ô£ø√º√≤√á"",youtube,Negatif";
"471,""Sorry to say gen z mnrt gw generasi plg rentan,mentalnya tempe bgt,ga setuju kl dblg generasi plg pinter,,pinter apanyaaa??Apa2 google,,sdkan yg nyiptain google bkn gen z,,jd pinter apanya..??apa2 serba instan,d tegor keras dikit ma atasan lgs resign,tp kl interview ngelamar kerjaan bw nya kisah sedih jd tulang punggung keluarga..pokoke emg lemah bgt ini generasi"",youtube,Negatif";
"472,""Gen Z kamu adalah Generasi GAGAL!<br>SALAH 1 HAL TERBAIK UNTUK MEMPERBAIKI GEN Z, ADALAH MENGHANCURKANNYA"",youtube,Negatif";
"473,""fakta bgt...<br>gila aja,,bisa2nya owner didiemin, dia yg salah tp gak mau disalahin, dikasih tahu kesalahan malah ngambek...<br>bangun dekkkk, masa depanmu gk bisa jalan klo ngikuti baper dan ego"",youtube,Negatif";
474,Gen Z  terlalu banyak ngeluh di media sosial jual kesedihan bener gk sih?,youtube,Negatif;
475,Generasi Z menunjukkan etika kerja yang inovatif dengan semangat adaptif dan kemauan belajar yang luar biasa.,x,Positif;
"476,""genz di kantor saya jago ngoding, multitasking juga"",x,Positif";
477,huhuhu seru banget kerja sama gen z banwaannya have fun,x,Positif;
"478,""Etika kerja Generasi Z terlihat dari komitmen mereka terhadap komitmen, kualitas, dan integritas."",x,Positif";
"479,""Generasi Z membawa semangat baru ke dunia kerja, mengedepankan transparansi dan transparansi bahkan di lingkungan yang konsisten."",x,Positif";
480,Generasi Z punya keunggulan dalam etika digital—mereka paham tanggung jawab dalam penggunaan teknologi secara inovatif dan luar biasa.,x,Positif;
"481,""Saya menghargai cara Gen Z menunjukkan kerja sama, bahkan saat bekerja secara remote mereka tetap efisien dan konsisten."",x,Positif";
"482,""yang aku justru kagum di komentar2 ini, banyak gen Z yang menyadari keadaan mereka dan mulai mempertanyakan. ini suatu hal yg sangat positit. bila kemajuan dan kesadaran bersatu, kalian bukan tidak mungkan akan jadi generasi yang super hebat. semangat para gen z..berubahlah untuk lebih baik dan lebih tangguh"",youtube,Positif";
483,Saya kagum melihat bagaimana Gen Z mampu menjaga tanggung jawab sambil tetap disiplin dalam menghadapi tantangan kerja.,x,Positif;
"484,""sangat benar,,,mudah baper"",youtube,Negatif";
"485,""Gw liat gen z sekarang , contoh konten YouTube yang pura2 telpon manggil botak atau jenggot . Di gen y mana ada yang seperti itu. Sopan santun nggak ada anak gen z"",youtube,Negatif";
"486,""Kayak mereka tuh dipaksa harus banget di jalur serba cepat tapi dengan persiapan minim, suka kesian tapi lebih banyak keselnya karena attitude nya itu lohÔ£ø√º√≤¬©"",youtube,Negatif";
"487,""Generasi yang potensial tapi banyak syarat buka pintu potensialnya , ibaratnya harus ngumpulin 7 dragon ball dulu baru OP ,, udah keburu kiamat Ô£ø√º√≤√áÔ£ø√º√≤√á"",youtube,Negatif";
"488,""Saya kelahiran 1999 akhir,<br>dan saya benci gen z."",youtube,Negatif";
"489,""Generasi mendatang bisa jadi  ajan menjadi generasi yang tidak bersatu dan bukan generasi yang gotong royong kerja sama dan reka berkorban bersama demi kesejahteraan bersama, ajansangat sulit mempersatukan visi dan misi indonesia maju dan sejahtwra bersama"",youtube,Negatif";
"490,""Anjirr relate bgt temen ku kemarin kerja baru satu minggu langsung resign dong, karena kerja nya berat banyak tekananÔ£ø√º√≤√ñ"",youtube,Negatif";
491,Gen Z didikan dari orang Tua dulu memang berbeda‚Äö√Ñ¬∂orang tua sekarang lebih menuruti kemauan anaknya‚Äö√Ñ¬∂justru malah jadi malas karena serba keturunan‚Äö√Ñ¬∂padahal nanti kalau terjun dunia kerja harus bersaing dan mental yang kokoh,youtube,Negatif;
492,Saya paling bingung apa yg ada dalam prinsip hidup gen Z<br>Mereka kerja di perusahaan saya ngk pernah lama. Paling lama 2 tahun itu udah super sekali. <br>Kebanyakan setahun resign,youtube,Negatif;
"493,""Saya menghargai cara Gen Z menunjukkan keadilan, bahkan saat bekerja secara remote mereka tetap disiplin dan disiplin."",x,Positif";
494,Generasi Z punya keunggulan dalam etika digital—mereka paham tanggung jawab dalam penggunaan teknologi secara disiplin dan luar biasa.,x,Positif;
495,Saya kagum melihat bagaimana Gen Z mampu menjaga kepedulian sambil tetap konsisten dalam menghadapi tantangan kerja.,x,Positif;
496,Etika kerja Generasi Z tercermin dari komitmen mereka untuk terus menyelesaikan tugas dan meningkatkan diri bagi tim.,x,Positif;
"497,""Generasi Z membawa semangat baru ke dunia kerja, mengedepankan kepedulian dan keadilan bahkan di lingkungan yang inovatif."",x,Positif";
"498,""Ketekunan dan dedikasi Generasi Z patut diacungi jempol, mereka bekerja dengan tanggung jawab dan punya kejujuran tinggi."",x,Positif";
499,Generasi Z punya keunggulan dalam etika digital—mereka paham tanggung jawab dalam penggunaan teknologi secara disiplin dan adaptif.,x,Positif;
500,Generasi Z menunjukkan etika kerja yang luar biasa dengan semangat produktif dan kemauan belajar yang inovatif.,x,Positif;
501,Generasi Z menunjukkan etika kerja yang fleksibel dengan semangat fleksibel dan kemauan belajar yang efisien.,x,Positif;
502,Generasi Z punya keunggulan dalam etika digital—mereka paham tanggung jawab dalam penggunaan teknologi secara adaptif dan kreatif.,x,Positif;
503,Saya kagum melihat bagaimana Gen Z mampu menjaga integritas sambil tetap konsisten dalam menghadapi tantangan kerja.,x,Positif;
"504,""Saya menghargai cara Gen Z menunjukkan komitmen, bahkan saat bekerja secara remote mereka tetap produktif dan disiplin."",x,Positif";
"505,""Ketekunan dan dedikasi Generasi Z patut diacungi jempol, mereka bekerja dengan kerja sama dan punya komitmen tinggi."",x,Positif";
"506,""Saya menghargai cara Gen Z menunjukkan keadilan, bahkan saat bekerja secara remote mereka tetap inovatif dan fleksibel."",x,Positif";
507,banyak anak zaman sekarang suka nongkrong gasuka kerja,x,Negatif;
"508,""generasi sekarang dibanding generasi milenial jauh beda, generasi sekarang banyak maunya di rumah maupun pekerjaan"",x,Negatif";
"509,""generasi sekarang tidak ada yang mau menjaga alam, kebanyakan acuh dengan lingkungan sekitar"",x,Negatif";
"510,""etika gen z mana sih hello!!! Dikantor ku genz gada yang bener, bego semua"",x,Negatif";
511,Etika kerja Generasi Z tercermin dari komitmen mereka untuk terus menyelesaikan tugas dan menyelesaikan tugas bagi tim.,x,Positif;
"512,""kenapa soal kerja genz suka yang instan instan, mereka gada menghargai proses"",x,Negatif";
"513,""generasi sekarang maunya dapet uang secara instan, tapi malah gamau kerja, maunya ,main slot."",x,Negatif";
"514,""sekarang berambisi mau punya pekerjaan yang bayaran 2 digit, tapi gamau berusaha"",x,Negatif";
"515,""temenku banyak yang membandingkan pekerjaan, tanpa disadari mereka tidak bersyukur dengan kerjaannya saat ini"",x,Negatif";
"516,""kenapa sih gen z gabisa bersyukur, dikit2 ngeluh gajinya dikit kebutuhannya banyak"",x,Negatif";
"517,""saya mempunyai karyawan genz jarang masuk kerja,alasan sakit mulu"",x,Negatif";
"518,""generasi sekarang gada etika berpakaian atau gimana sih? Kebanyakan keliatan pusarnya , apa gamalu mereka?"",x,Negatif";
519,Saya kagum melihat bagaimana Gen Z mampu menjaga kerja sama sambil tetap konsisten dalam menghadapi tantangan kerja.,x,Positif;
520,turut berduka cita atas generasi sekarang karena tolol gada etikanya sama orang tua,x,Negatif;
"521,""kemaren liat cuplikan di reels ada anak sma yang minta uang jajan sekolah sama orang tuanya, Cuma minta aja gada berpamitan bersalaman dengan orangtua mereka, emng gen z sekarang gada etikanya"",x,Negatif";
"522,""generasi sekarang lebih mentingin diri sendiri, mau di mintai tolong mereka malah cuek emng dasar genx"",x,Negatif";
"523,""Generasi Z membawa semangat baru ke dunia kerja, mengedepankan integritas dan transparansi bahkan di lingkungan yang luar biasa."",x,Negatif";
524,Generasi Z menunjukkan etika kerja yang efisien dengan semangat inovatif dan kemauan belajar yang adaptif.,x,Positif;
525,etika bekerja generasi milenial lebih bagus dari pada generasi z,x,Negatif;
"526,""GEN Z  akan menjadi generasi miskin di masa depan   jika gaya hidup dan gengsi nya lebih tinggi, dan terus di pertahankan"",x,Negatif";
527,memang benar genz mudah baper,x,Negatif;
528,Setuju.. genarasi paling ancur,x,Negatif;
"529,""Ketekunan dan dedikasi Generasi Z patut diacungi jempol, mereka bekerja dengan profesionalisme dan punya kerja sama tinggi."",x,Positif";
530,pakk nyerah kerja bareng genz,x,Negatif;
531,kalo boleh saran genz jangan dikasih kerja an yang berat. Isinya ngeluh aja nanti,x,Negatif;
"532,""mahasiswa gada etikanya ngechat dosen jam 12 malam, ati ati nanti kebawa waktu kerja"",x,Negatif";
"533,""tepat waktu saat masuk kerja, termasuk etika kerja"",x,Negatif";
"534,""Ketekunan dan dedikasi Generasi Z patut diacungi jempol, mereka bekerja dengan kejujuran dan punya tanggung jawab tinggi."",x,Positif";
535,Etika kerja Generasi Z tercermin dari komitmen mereka untuk terus beradaptasi dan meningkatkan diri bagi tim.,x,Positif;
"536,""Saya bukan gen Z dan saya tidak setuju kalau mereka mendapatkan julukan generasi tempe. Tempe punya karakteristik yang berbeda dengan pemaparan dalam video ini. Menurut saya lebih cocok jika julukannya generasi indomie. Serba instan, kesenangan sesaat (short termist) dan health hazard."",x,Positif";
"537,""@@jaizalthehermit Berarti lingkungan disitu gak baik,, ditempat saya baik kok. Terus mau anda gimana??? Kalau tidak ada orang baik jadilah anda salah satunya"",x,Positif";
"538,""Etika kerja Generasi Z sering kali terlihat tidak konsisten, terutama saat menghadapi tekanan dan tenggat waktu."",x,Negatif";
"539,""Katanya Gen Z punya profesionalisme, tapi kadang fleksibilitas mereka malah bikin kerjaan jadi berantakan."",x,Negatif";
540,Generasi Z tampaknya lebih sibuk dengan tampilan kreatifnya ketimbang benar-benar menyelesaikan tugas dengan tuntas.,x,Negatif;
"541,""Semangat belajar mereka kadang cuma sebatas wacana, karena saat diuji justru cepat kehilangan fokus."",x,Negatif";
"542,""Gen Z sering ngomong soal transparansi, tapi saat remote kerja, koordinasi mereka malah sering kacau."",x,Negatif";
543,Klaim adaptif dan inovatif dari Gen Z seringnya cuma alasan buat menghindar dari tanggung jawab sebenarnya.,x,Negatif;
"544,""Komitmen mereka kadang cuma di atas kertas, sementara di praktik nyata malah sering keteteran."",x,Negatif";
"545,""Etika digital yang diklaim Generasi Z, terkadang berujung pada terlalu asyik main gadget sampai lupa kerja."",x,Negatif";
"546,""Mereka pamer semangat positif, tapi saat kondisi sulit malah gampang menyerah dan cari alasan."",x,Negatif";
547,Gen Z seringkali lebih mengutamakan gaya daripada substansi dalam menunjukkan profesionalisme.,x,Negatif;
"548,""Generasi Z sering terlihat kurang konsisten dalam mempertahankan etika kerja, sehingga semangat positif mereka cepat memudar saat menghadapi tekanan."",x,Negatif";
549,Saya liat tuh gampang emosian...,x,Negatif;
550,@Grrrrr1230987 @sosmedkeras benar sekali. FYI mitra kerja sy - ada kok GenZ yg MANTAP - tapi maaf rata¬¨‚â§ mereka disiplin jarang main gadget (kecuali utk promosi) produktif (tapi ya itu sedikit sekali). Tetap Semangat kami dulu pun dicaci maki tpi langs,x,Positif;